"date","label"
"b92d713a","L"
"18817005","N"
"8e19dc3c","L"
"6f0929dc","H"
"c7506622","L"
"80aa05a6","N"
"2b6c4ffe","N"
"6d3d782c","L"
"d9cea8e0","N"
"8270822e","N"
"16a303c0","N"
"8d150259","L"
"1d3cc3d6","L"
"8f7f8c8e","N"
"cfdf3457","N"
"4b186ab4","N"
"eb7be958","L"
"d3316e8b","L"
"eb47b635","L"
"abfb42ea","N"
"fd52bb91","N"
"7995e572","H"
"e1bce14d","N"
"389b2885","N"
"ea649302","N"
"f8cdfb6a","N"
"deb47133","N"
"b596b7d8","L"
"676d2b0c","L"
"9d1c869c","N"
"8a5715f4","N"
"1d67a783","L"
"d56c24e3","N"
"2a86c944","N"
"c1368827","N"
"6ab8cb61","N"
"7af39a00","L"
"0a7be0f0","N"
"6db80968","N"
"fa88bb1f","N"
"3c2ae11c","N"
"f1abd469","L"
"013f131b","L"
"2896dbe7","L"
"08c6700a","L"
"bfee608e","N"
"88bd5115","N"
"75ca8963","N"
"d5a90a8f","N"
"de0cc33b","H"
"5e481671","H"
"1607405b","L"
"e9edadfc","L"
"60d6902d","N"
"f911df0e","H"
"1210b112","L"
"dab5c008","L"
"c2e7e528","N"
"628466c4","L"
"6921af70","L"
"b64f0b4f","N"
"8c550be9","N"
"87a8aa95","L"
"27cb2979","L"
"2c6ee0cd","N"
"d8ce0ebd","L"
"99bd78b1","N"
"780edf3f","H"
"2dedfa13","H"
"991e2adf","L"
"1b14457a","N"
"1f6075d5","L"
"fe708035","N"
"03caeae7","L"
"a1b1e760","N"
"5e5b0ac7","N"
"09e8a89e","L"
"a34f926f","L"
"965089a7","N"
"971bea50","L"
"0d1f33c1","L"
"cd9c23ef","N"
"3d3710c8","N"
"057d971b","H"
"de8249e7","N"
"3f92bc07","N"
"ff11ac29","N"
"37f018dd","N"
"52c148ba","N"
"9e3d5fee","N"
"1e02bb1f","N"
"9893e8c9","L"
"ff500151","N"
"8d047669","L"
"b71e76cf","L"
"aa1e670f","N"
"4f672ed2","N"
"5a5f63bc","L"
"20ecec1b","N"
"4a6634be","N"
"26d5bdf3","L"
"271a3f20","N"
"28f79956","L"
"0208b16b","L"
"84124874","L"
"d2aba049","N"
"cbbbc613","L"
"d55d7372","N"
"dcb66031","L"
"864cf355","L"
"d35bc647","N"
"89a15523","L"
"d4ad157c","N"
"0bd29b81","N"
"609720d7","N"
"2f3eaeb0","N"
"5d6b929c","L"
"28c87d8b","N"
"3017e992","N"
"a27f33ea","N"
"e3c541a1","N"
"8f76c8ec","L"
"ad92959c","H"
"dd972ec5","H"
"30c86c8c","H"
"809b6e9a","L"
"aa6446a7","N"
"7b08d556","N"
"ccad047b","N"
"104d8f20","L"
"56012e50","N"
"897ed03d","N"
"73095bf2","L"
"95f8a681","N"
"d02b72c7","N"
"9bda8224","N"
"b3752d6c","L"
"5b8cda4b","H"
"5a435898","N"
"e3f57599","N"
"4f10459b","L"
"3b7c58cf","N"
"ebf4fb3d","L"
"86d2e0e0","H"
"6a42207a","L"
"6812a70f","N"
"abdbfac6","N"
"4684b88f","L"
"a98b7db3","N"
"7ab78817","N"
"3f645c51","N"
"3eabde82","N"
"d1a41bbe","N"
"9fe944fa","N"
"72b606b3","N"
"f469607b","L"
"99156be5","N"
"cbf4fd5c","N"
"d32b19d5","N"
"f9d431e8","H"
"0a6d27e0","N"
"12b2c369","N"
"384deb54","L"
"78381bcc","L"
"2f4e7122","N"
"07e1aefa","N"
"00177dc1","L"
"26807d55","N"
"3843a790","L"
"10ec08d8","N"
"8810a586","L"
"654fe7cf","N"
"3fb574ab","N"
"171adbe3","H"
"c22ed7b6","N"
"3e4bbf41","N"
"d314fd08","N"
"49b8a7b3","N"
"db1573ac","N"
"6c75dc76","N"
"5dca1564","N"
"31799c29","N"
"86dc4d04","N"
"bade34a5","N"
"d19b6ed3","L"
"adddaed3","N"
"72a250be","L"
"c2f152a8","N"
"980bc1cc","N"
"0297dfdf","N"
"a9843ce6","N"
"05610ce4","N"
"e3ba4ed6","L"
"b88fbe41","N"
"a19fd81b","N"
"89307753","H"
"bf796d7a","L"
"1fdf2621","L"
"c0a0d84c","N"
"d9b0be16","L"
"df89effe","H"
"de466d2d","N"
"ed4878a5","N"
"0247bd99","N"
"eabeab9e","N"
"05b16ea2","N"
"672052fa","N"
"8bb09260","N"
"89e01515","N"
"8d89c388","L"
"8c46415b","N"
"8e16c62e","N"
"f25076be","L"
"f39ff46d","N"
"1ec0b624","N"
"f1cf7318","N"
"f4692756","N"
"1936651f","N"
"f639a023","L"
"be88d078","L"
"32d9abcf","H"
"182683f2","N"
"5853736a","N"
"352f78f4","N"
"1d80a72c","N"
"4af6cdc2","L"
"6009e5ff","L"
"207c1567","L"
"4ccf9c2a","N"
"4d001ef9","L"
"67ff36c4","N"
"45248f69","H"
"9a5b0194","N"
"af8d1e1b","L"
"9dadd2af","N"
"23dc65ac","N"
"11fca918","L"
"bcd61bc9","L"
"242ab697","N"
"d1aa60c7","H"
"5bf303a1","N"
"b6ac41e8","L"
"c4f97dc4","L"
"5c05d09a","N"
"b15a92d3","N"
"6e251c2e","N"
"e902da03","N"
"cce5db1e","L"
"e8410611","L"
"28c2163f","N"
"c87afd91","L"
"22c3ec15","L"
"0667311a","N"
"53841436","L"
"ae3e7ee4","N"
"5ecc1e8f","N"
"3306960e","H"
"66e5b322","N"
"9b5fd9f0","N"
"278a6808","N"
"92b63a17","L"
"2fd9a21b","N"
"50c5df9a","N"
"4a9f1507","L"
"3a176ff7","N"
"5dd4866f","L"
"5af7fc35","N"
"a062204d","H"
"1056bec6","N"
"50f6061f","N"
"f15a0720","L"
"6b89dac3","N"
"6597a10b","N"
"c43ba034","N"
"d370335c","H"
"0a91e231","N"
"00b3a048","N"
"a620760b","N"
"2f7f97e7","L"
"4ab491c2","L"
"aac6a583","N"
"fb430bc1","N"
"a3f48972","N"
"2bed0cb7","N"
"93dcaa7b","N"
"987963cf","N"
"086aabe2","N"
"b13ed154","L"
"4a68a22f","N"
"0fa53b63","L"
"f7a5d849","N"
"5a92fc3a","N"
"a4effb86","N"
"d425ced8","L"
"8976e1cb","N"
"258e476b","N"
"7b2630b4","N"
"5f82edbb","H"
"a068001c","L"
"f7dba245","H"
"385d4825","H"
"ee65bde5","N"
"32293ed8","L"
"dce83223","N"
"4cfbfa0e","L"
"9b35f308","N"
"132c76cd","N"
"db406930","N"
"18c4f707","N"
"407375b4","N"
"d2303aec","N"
"4811d16e","L"
"76b74f14","L"
"0faf7704","L"
"ae03763b","L"
"8c74a7e8","L"
"cd1b7cc2","N"
"98f859ee","L"
"bc5c84e1","N"
"885f4e4b","N"
"0c6d2122","N"
"b951733d","N"
"6af11d0d","N"
"f2c58f90","L"
"9f4de4a0","L"
"efc59e50","L"
"880677c8","N"
"d959cc38","N"
"89d5b91d","N"
"c128b06b","L"
"697775d5","L"
"c8db74ea","L"
"1b7a51a1","L"
"5a0927ad","N"
"7f5e271c","L"
"ed1d6844","N"
"7498cf6c","N"
"44f5120f","L"
"11163723","N"
"4d58d526","N"
"cb8d431e","N"
"59ce0c46","L"
"5b74a697","L"
"83c09fb8","L"
"e4037620","N"
"21ee0d83","N"
"6e57e232","N"
"f6e32cd2","N"
"106e4b2b","N"
"48d9c998","L"
"e975c8a7","L"
"c8a483e7","N"
"68c7000b","N"
"f3710192","N"
"0001f2fd","N"
"1f4f59d2","N"
"48dd3244","N"
"da9e7d1c","L"
"7569f981","N"
"80f5f267","N"
"499e3a2a","L"
"9fd132a1","N"
"6789a373","N"
"28304cc2","N"
"b402423c","N"
"ca19131d","N"
"ba9169ed","H"
"5726e62c","L"
"fd48b23a","H"
"075c138b","N"
"9cea1212","N"
"68a9faf1","L"
"c8ca791d","N"
"01a1b150","L"
"90b49549","N"
"15bc4979","L"
"b4104846","N"
"28c40b9c","L"
